Number,Name,published_rot_per_hr,U,U_clean,Albedo,period_updated,period_source,period_hr,harmonic_n,harmonic_offset,designation,aov_F,n_points,reliability_score,is_reliable,n_phase_coverings,theta_ours,theta_lcdb,theta_lcdb_harm,null_p5,ours_det,lcdb_det,lcdb_harm_det,vetted,bin,period_hr_naive,justified,ratio
44576,1999 GJ10,0.48,-,,0.057,2.2255402330616443,TESS_replaces_wrong_LCDB,2.2255402330616443,,1.3182710761058796,(44576) 1999 GJ10,1.9233028665052687,179.0,0.0904441981563946,False,1.0,0.8783719103960306,1.0459316268334462,1.012514168935899,0.9452343221009454,True,False,False,False,"(0.0, 3.0]",1.112770116530822,False,4.636542152211759
63656,2001 QC114,6.8032,2,2.0,0.2,1.9207706155281417,TESS_replaces_wrong_LCDB,1.9207706155281417,,0.4353331915780393,(63656) 2001 QC114,1.9600241356750632,195.0,0.081421231529982,False,1.0,0.8778781492096878,0.9900906934308782,0.9988929627350972,0.9389125131014878,True,False,False,False,"(0.0, 3.0]",0.9603853077640708,False,0.28233340421098035
20279,Harel,5.38,2,2.0,0.2,126.65832624712044,TESS_replaces_wrong_LCDB,126.65832624712044,,10.77121991144242,(20279) Harel,2.33218890307768,353.0,0.0096755597865356,False,3.0,0.8747441409353439,0.990956460909949,0.997180086628677,0.8908251644737643,True,False,False,False,"(0.0, 3.0]",126.65832624712044,False,23.54243982288484
50190,2000 AK193,7.45742,2,2.0,0.057,191.1865929630498,TESS_replaces_wrong_LCDB,191.1865929630498,,11.818548034243063,(50190) 2000 AK193,2.7228582548493403,343.0,0.0184075557678216,False,2.0,0.8324120060261873,0.9890967376156378,0.993551358927784,0.8882424026400267,True,False,False,False,"(0.0, 3.0]",191.1865929630498,False,25.637096068486127
26818,1987 QM,2.84241,2,2.0,0.057,194.35134386015923,TESS_replaces_wrong_LCDB,194.35134386015923,,33.18777443439884,(26818) 1987 QM,2.8616219554698628,1517.0,0.005432044868327,False,2.0,0.9495268488697935,1.0037696103850664,1.0012041346317484,0.9650753782060236,True,False,False,False,"(0.0, 3.0]",97.17567193007962,False,68.37554886879768
12616,Lochner,10.48,3-,3.0,0.1,53.54664821045881,TESS_replaces_wrong_LCDB,53.54664821045881,,1.5547064985905923,(12616) Lochner,2.3409667045225717,234.0,0.0232944008192021,False,1.0,0.9023611286798524,1.016793248526562,0.9684339681813374,0.9217710567528544,True,False,False,False,"(0.0, 3.0]",26.77332410522941,False,5.109412997181185
127212,2002 HB14,14.3656,2,2.0,0.057,164.67026350614435,TESS_replaces_wrong_LCDB,164.67026350614435,,4.731409182566142,(127212) 2002 HB14,2.265128374768645,101.0,0.0030523153452574,False,1.0,0.8832044276222029,0.9195054325802812,0.9460291467396448,0.8961969554322394,True,False,False,False,"(0.0, 3.0]",164.67026350614435,False,11.462818365132284
305968,2009 HF69,4.91,2,2.0,0.18,126.03869475255716,TESS_replaces_wrong_LCDB,126.03869475255716,,11.834897632643296,(305968) 2009 HF69,1.6903559136891837,254.0,0.0067118863323392,False,1.0,0.9226127481713264,0.9918460646153796,0.9978058291430092,0.9461154104890216,True,False,False,False,"(0.0, 3.0]",63.019347376278574,False,25.66979526528659
91228,1999 BG13,40.0087,2,2.0,0.3,2.513022149565632,TESS_replaces_wrong_LCDB,2.513022149565632,,0.8743762156948047,(91228) 1999 BG13,2.3269278188186786,499.0,0.3598266350708671,False,1.0,0.9470524283602136,1.0212589627007838,1.0019184242335055,0.9692392283685786,True,False,False,False,"(0.0, 3.0]",1.256511074782816,False,0.06281189215259762
103537,2000 BO17,9.31,2,2.0,0.057,2.4059353890997826,TESS_replaces_wrong_LCDB,2.4059353890997826,,0.483150292352356,(103537) 2000 BO17,1.5846802112658411,209.0,0.2092627921182714,False,1.0,0.9380178136342344,0.9628574184291228,0.9534970383257928,0.9398613951581142,True,False,False,False,"(0.0, 3.0]",1.2029676945498913,False,0.25842485382382197
98354,2000 SM330,4.77,2,2.0,0.2,84.52376017006068,TESS_replaces_wrong_LCDB,84.52376017006068,,7.859932931872191,(98354) 2000 SM330,1.8847053612892883,241.0,0.0181589524987544,False,1.0,0.9456840389243945,0.997961225984362,0.9998615513840424,0.9556621905305476,True,False,False,False,"(0.0, 3.0]",42.26188008503034,False,17.71986586374438
166021,2002 AN163,6.12,2,2.0,0.2,234.908784457969,TESS_replaces_wrong_LCDB,234.908784457969,,18.191894155062823,(166021) 2002 AN163,1.912186031909836,187.0,0.0128941203057379,False,1.0,0.9341270562106456,0.9558142516308398,0.9594681276561712,0.9361891082395478,True,False,False,False,"(0.0, 3.0]",234.908784457969,False,38.38378831012565
13409,1999 US,9.548,2,2.0,0.07,117.46492553462188,TESS_replaces_wrong_LCDB,117.46492553462188,,5.15128432837358,(13409) 1999 US,2.3068495799468365,129.0,0.0078505011229951,False,1.0,0.7089251799291177,0.9271823390252534,1.0099333407863185,0.716323007395555,True,False,False,False,"(0.0, 3.0]",58.73246276731094,False,12.30256865674716
102449,1999 TC217,3.81191,2,2.0,0.055,88.78678743769525,TESS_replaces_wrong_LCDB,88.78678743769525,,10.645971106045952,(102449) 1999 TC217,2.464342720360072,144.0,0.007311712992899,False,2.0,0.8201681776139428,1.0424516998674322,0.9344725284378488,0.9176234500182242,True,False,False,False,"(0.0, 3.0]",44.393393718847626,False,23.291942212091904
273275,2006 PQ36,18.8047,2,2.0,0.38,5.195353355956671,TESS_replaces_wrong_LCDB,5.195353355956671,,0.4474409742291373,(273275) 2006 PQ36,2.153241219857966,757.0,0.3646468944449311,False,2.0,0.9716517903500992,1.0063226564850043,0.9820706774588928,0.9764704642857396,True,False,False,False,"(0.0, 3.0]",2.5976766779783356,False,0.27627951288543134
37833,1998 BL39,22.7357,2,2.0,0.2,2.8947929738424354,TESS_replaces_wrong_LCDB,2.8947929738424354,,0.7453526415423818,(37833) 1998 BL39,2.180169034931774,303.0,0.3241740163089048,False,1.0,0.9182076036667344,1.0076647179752751,0.9705382266301256,0.9535655207103446,True,False,False,False,"(0.0, 3.0]",1.4473964869212177,False,0.1273236792288091
87032,2000 JE84,40.0708,2,2.0,0.2,173.66191512593886,TESS_replaces_wrong_LCDB,173.66191512593886,,1.166938458003569,(87032) 2000 JE84,2.5003960029358305,199.0,0.0196879514746759,False,1.0,0.7725005160901424,1.0263132052800537,0.9641692123099448,0.8777141518918331,True,False,False,False,"(0.0, 3.0]",173.66191512593886,False,4.333876916007139
89162,2001 UA49,1.15,-,,0.15,4.4703171415586285,TESS_replaces_wrong_LCDB,4.4703171415586285,,0.9436161485037518,(89162) 2001 UA49,1.7746887095043211,315.0,0.1718803525137702,False,1.0,0.939334130262963,1.020261040989067,0.9881266054388852,0.9556013779347642,True,False,False,False,"(0.0, 3.0]",2.2351585707793142,False,3.8872322970075035
136360,2004 DO19,8.0,1,1.0,0.2,2.0411636856958992,TESS_replaces_wrong_LCDB,2.0411636856958992,,0.4897090785760252,(136360) 2004 DO19,2.3480951014145974,909.0,0.8534837493865509,True,4.0,0.9716051117522068,1.004979792558826,1.0005797035293842,0.9782583018446932,True,False,False,False,"(0.0, 3.0]",1.0205818428479496,False,0.2551454607119874
31847,2000 DQ96,19.347,2,2.0,0.057,2.9819439463804227,TESS_replaces_wrong_LCDB,2.9819439463804227,,0.6917409472910092,(31847) 2000 DQ96,2.317778928864,103.0,0.057418491577873,False,1.0,0.812654561108626,1.006981438768374,0.959122844632392,0.913414382885687,True,False,False,False,"(0.0, 3.0]",1.4909719731902114,False,0.1541295263544954
58776,1998 FG60,7.15378,2,2.0,0.198,27.467146658155315,TESS_replaces_wrong_LCDB,27.467146658155315,,0.9197645621025048,(58776) 1998 FG60,2.182552583073596,425.0,0.7922035457573813,True,2.0,0.93409218349441,1.0020082530959766,0.9847872535448368,0.950345615456813,True,False,False,False,"(0.0, 3.0]",13.733573329077656,False,3.8395291242050096
89402,2001 WG4,3.47,2,2.0,0.1,173.07182329402383,TESS_replaces_wrong_LCDB,173.07182329402383,,23.938303068303146,(89402) 2001 WG4,1.971585020926292,235.0,0.0070907333318151,False,1.0,0.8582350784588162,0.9974426000616908,0.9764061416886404,0.9162528497255528,True,False,False,False,"(0.0, 3.0]",86.53591164701191,False,49.87660613660629
54784,2001 MW3,2.92629,2,2.0,0.2,23.15285320288019,TESS_replaces_wrong_LCDB,23.15285320288019,,2.9560079832962884,(54784) 2001 MW3,1.5320050788893782,218.0,0.0604456347644744,False,2.0,0.9307414874237124,1.0265174710513214,1.0248356712128988,0.9574370071365916,True,False,False,False,"(0.0, 3.0]",11.576426601440096,False,7.912015966592577
32992,1997 AN3,7.688,2,2.0,0.15,22.06088535382816,TESS_replaces_wrong_LCDB,22.06088535382816,,0.4347610141667637,(32992) 1997 AN3,2.5365185210640075,124.0,0.0135765196938158,False,1.0,0.8810879090261594,0.9602573068908684,0.9509449432813832,0.950146435333739,True,False,False,False,"(0.0, 3.0]",11.03044267691408,False,2.8695220283335274
57749,2001 UD220,8.65011,2,2.0,0.2,79.58230652837497,TESS_replaces_wrong_LCDB,79.58230652837497,,3.600074827278206,(57749) 2001 UD220,2.714691290168106,299.0,0.0108023185823895,False,1.0,0.9246400819092172,1.0043066513000805,0.9935269376347124,0.9468030466958578,True,False,False,False,"(0.0, 3.0]",39.791153264187486,False,9.200149654556412
20699,1999 VJ144,2.8,1,1.0,0.055,126.70105612182697,TESS_replaces_wrong_LCDB,126.70105612182697,,21.62518859318339,(20699) 1999 VJ144,2.7329704429867387,620.0,0.0055594066325337,False,2.0,0.9400654568741892,1.0028068163542228,0.9844855235735676,0.9551309939736476,True,False,False,False,"(0.0, 3.0]",126.70105612182697,False,45.25037718636678
70693,1999 UR23,3.05103,2,2.0,0.35,66.42603859120341,TESS_replaces_wrong_LCDB,66.42603859120341,,9.885838322009848,(70693) 1999 UR23,2.3938168561752065,230.0,0.0153326721906347,False,2.0,0.9273925181667784,0.9447164991716036,0.990472941602144,0.9360994760695884,True,False,False,False,"(0.0, 3.0]",33.213019295601704,False,21.771676644019696
116591,2004 BT102,2.82,1,1.0,0.179,83.84798040606667,TESS_replaces_wrong_LCDB,83.84798040606667,,13.866663192565014,(116591) 2004 BT102,1.5219673831458005,128.0,0.031516764501315,False,1.0,0.8627098855203584,1.0204403474740564,0.9899355218381816,0.8903205328955244,True,False,False,False,"(0.0, 3.0]",41.923990203033334,False,29.733326385130027
43325,2000 KY50,2.738,1,1.0,0.057,9.888538720152532,TESS_replaces_wrong_LCDB,9.888538720152532,,0.8057959678876063,(43325) 2000 KY50,2.987091040545371,331.0,0.020343896259957,False,3.0,0.929296973914696,0.9994437358162984,1.019578369226072,0.961811243314422,True,False,False,False,"(0.0, 3.0]",4.944269360076266,False,3.6115919357752126
160246,2002 OV2,3.693,2,2.0,0.057,240.0,TESS_replaces_wrong_LCDB,240.0,,31.49390739236393,(160246) 2002 OV2,2.7435386878060655,278.0,0.0090560779500631,False,1.0,0.8231467822932204,1.0067716612567836,1.0128952665599806,0.928418412708598,True,False,False,False,"(0.0, 3.0]",240.0,False,64.98781478472786
7550,Woolum,3.142,3-,3.0,0.3,90.58473103109048,TESS_replaces_wrong_LCDB,90.58473103109048,,13.415138610931011,(7550) Woolum,2.660340195806244,448.0,0.0097777641961885,False,3.0,0.9417827960454764,1.0076811601125029,1.0001642084538254,0.941892234312373,True,False,False,False,"(0.0, 3.0]",45.292365515545235,False,28.830277221862026
33216,1998 FW96,2.78671,2,2.0,0.1,129.8069344995854,TESS_replaces_wrong_LCDB,129.8069344995854,,22.290355742001392,(33216) 1998 FW96,2.942832717937983,484.0,0.0086437206624199,False,3.0,0.9317059406982212,1.0195640401509878,1.0063313216731866,0.9493703838469728,True,False,False,False,"(0.0, 3.0]",129.8069344995854,False,46.580711484002784
71916,2000 WV48,2.83708,2,2.0,0.2,65.97616797471443,TESS_replaces_wrong_LCDB,65.97616797471443,,10.627477542881136,(71916) 2000 WV48,2.6941602845379875,726.0,0.0032856355697252,False,5.0,0.9620707135730248,0.9838657865054578,0.989174895033512,0.9658864774261584,True,False,False,False,"(0.0, 3.0]",32.988083987357214,False,23.254955085762273
149155,2002 FF12,9.0,1,1.0,0.057,120.41880943242562,TESS_replaces_wrong_LCDB,120.41880943242562,,5.689933857356979,(149155) 2002 FF12,3.418100511984284,538.0,0.0405187640523249,False,3.0,0.8890397753536968,1.0057907342382388,0.9831961771890508,0.9289912417430276,True,False,False,False,"(3.0, 6.0]",60.20940471621281,False,13.379867714713958
39032,2000 UU76,1.0,-,,0.057,75.74247665422263,TESS_replaces_wrong_LCDB,75.74247665422263,,36.871238327111314,(39032) 2000 UU76,3.457316777292619,125.0,0.1256209793490007,False,1.0,0.8751249166123805,0.9510218358492328,0.981855945523834,0.9004120906487303,True,False,False,False,"(3.0, 6.0]",37.871238327111314,False,75.74247665422263
30320,2000 JP17,1.47,2,2.0,0.2,200.7634126684945,TESS_replaces_wrong_LCDB,200.7634126684945,,67.28687505731106,(30320) 2000 JP17,3.043781993240392,106.0,0.0082360063251093,False,1.0,0.8951891391251571,1.0272752254672906,0.9813170633362908,0.9013608886932856,True,False,False,False,"(3.0, 6.0]",200.7634126684945,False,136.57375011462213
70148,1999 NT26,49.162,2-,2.0,0.179,204.6147176209994,TESS_replaces_wrong_LCDB,204.6147176209994,,1.081025157855655,(70148) 1999 NT26,3.458439407341015,205.0,0.022369036158408,False,1.0,0.8996843640712205,0.9631838697039375,0.9496339805320791,0.9249757540232024,True,False,False,False,"(3.0, 6.0]",204.6147176209994,False,4.162050315711309
21558,Alisonliu,4.866,3,3.0,0.19,179.0452639261007,TESS_replaces_wrong_LCDB,179.0452639261007,,17.397581578925266,(21558) Alisonliu,5.0988849102178255,1080.0,0.0115174816188661,False,2.0,0.9235272641461484,1.0032648421307886,0.9993037744691328,0.9374129171855778,True,False,False,False,"(3.0, 6.0]",179.0452639261007,False,36.79516315785053
138948,2001 BR47,27.4347,2,2.0,0.35,153.27726527081302,TESS_replaces_wrong_LCDB,153.27726527081302,,1.7934926438199257,(138948) 2001 BR47,4.92804352733648,299.0,0.2437723645477928,False,1.0,0.8369410601297261,0.9813518400854344,0.9732291236426864,0.8540563684046496,True,False,False,False,"(3.0, 6.0]",153.27726527081302,True,5.586985287639851
48371,1173 T-3,0.77,-,,0.1,108.3736671634785,TESS_replaces_wrong_LCDB,108.3736671634785,,69.37251114511591,(48371) 1173 T-3,5.503286936683525,254.0,0.0232189508151171,False,1.0,0.872088152409065,0.9941525273044304,0.971475381436928,0.8898733836744966,True,False,False,False,"(3.0, 6.0]",54.18683358173925,False,140.74502229023182
35170,1993 TM,29.9841,2,2.0,0.35,3.4864136428810717,TESS_replaces_wrong_LCDB,3.4864136428810717,,0.7674491718690192,(35170) Mizunochisato,5.470238169096512,1116.0,0.8048183023880432,True,42.0,0.946489486406782,1.0030184785284717,0.970104195157336,0.9564972104188408,True,False,False,False,"(3.0, 6.0]",1.7432068214405358,False,0.11627541406549043
33881,2000 JK66,5.97,3,3.0,0.2,98.59255358635708,TESS_replaces_wrong_LCDB,98.59255358635708,,7.257332796177311,(33881) 2000 JK66,3.989636693861591,750.0,0.0154055128418265,False,1.0,0.9234960547162744,0.990816066449888,0.9866945410452744,0.9482047888757578,True,False,False,False,"(3.0, 6.0]",49.296276793178535,False,16.51466559235462
4011,Bakharev,4.206,1,1.0,0.2,193.92497375679525,TESS_replaces_wrong_LCDB,193.92497375679525,,22.05337300960476,(4011) Bakharev,3.6334753778403406,2308.0,0.0042681350369527,False,1.0,0.969946287453115,1.0012294771249957,0.9991435555441976,0.9809380619913196,True,False,False,False,"(3.0, 6.0]",96.9624868783976,False,46.10674601920952
15776,1993 KO,3.36991,2,2.0,0.3,132.83853095771238,TESS_replaces_wrong_LCDB,132.83853095771238,,18.709507220921683,(15776) 1993 KO,5.594384845645081,1269.0,0.1161102841399966,False,4.0,0.881188722435742,0.9987177905475942,1.0046490666460812,0.8979656851189932,True,False,False,False,"(3.0, 6.0]",66.41926547885619,False,39.419014441843366
38012,1998 KE54,2.67,2,2.0,0.1,74.31414638570357,TESS_replaces_wrong_LCDB,74.31414638570357,,12.916506813802169,(38012) 1998 KE54,3.7973078220826566,248.0,0.1515753475763877,False,2.0,0.9112164892301002,0.9792386087866638,0.9742453601300516,0.9323247274737104,True,False,False,False,"(3.0, 6.0]",37.15707319285178,False,27.833013627604334
83884,2001 UW123,3.736,1,1.0,0.19,213.52984853922723,TESS_replaces_wrong_LCDB,213.52984853922723,,27.577335189939404,(83884) 2001 UW123,4.504763731372963,1462.0,0.0023308615291161,False,1.0,0.960174815473785,1.004493674160872,1.0070419808830116,0.962568433985625,True,False,False,False,"(3.0, 6.0]",213.52984853922723,False,57.15467037987881
24515,2001 BN58,0.88,-,,0.057,130.50157879718796,TESS_replaces_wrong_LCDB,130.50157879718796,,73.14862431658406,(24515) 2001 BN58,5.06483094554981,244.0,0.6918248596731699,True,1.0,0.8530210485313597,0.9982189729380526,0.9831421782818064,0.9318905889363386,True,False,False,False,"(3.0, 6.0]",65.25078939859398,True,148.29724863316812
69653,1998 FT101,188.039,2,2.0,0.3,128.21980841764355,TESS_replaces_wrong_LCDB,128.21980841764355,,0.3181211960410151,(69653) 1998 FT101,3.301835154809773,589.0,0.1980496295864574,False,1.0,0.8946659864122304,0.9554024527452218,0.9543281349261686,0.9245105067378192,True,False,False,False,"(3.0, 6.0]",64.10990420882177,False,0.6818788039589849
91790,1999 TF222,0.92,-,,0.13,2.866885641585328,TESS_replaces_wrong_LCDB,2.866885641585328,,0.5580900226007217,(91790) 1999 TF222,5.2726216867613775,718.0,0.9676467404027066,True,10.0,0.9168818440197466,0.9933125465587324,0.9912979535466346,0.9235819408054662,True,False,False,False,"(3.0, 6.0]",1.433442820792664,False,3.1161800452014434
113886,2002 TG266,2.144,1,1.0,0.2,167.64424628399638,TESS_replaces_wrong_LCDB,167.64424628399638,,38.09613952518572,(113886) 2002 TG266,3.5604322881592707,658.0,0.0309879322955599,False,4.0,0.8825991360240033,1.016434392780372,0.999362900915206,0.8953442270048045,True,False,False,False,"(3.0, 6.0]",167.64424628399638,False,78.19227905037144
147903,2006 SE61,4.5,2,2.0,0.055,90.18427600649372,TESS_replaces_wrong_LCDB,90.18427600649372,,9.020475111832637,(147903) 2006 SE61,4.733600842182743,412.0,0.1120241941527793,False,3.0,0.897675832562937,0.9766160791174278,0.944124742163044,0.9208516757731948,True,False,False,False,"(3.0, 6.0]",45.09213800324686,False,20.04095022366527
6720,Gifu,4.231,3-,3.0,0.057,97.81124017397876,TESS_replaces_wrong_LCDB,97.81124017397876,,10.558879718031053,(6720) Gifu,3.919088076080018,380.0,0.0266265066991296,False,1.0,0.8685526898415682,0.9558655661115212,0.9543826535651052,0.8699457228096821,True,False,False,False,"(3.0, 6.0]",48.90562008698937,False,23.117759436062105
79613,1998 RJ56,36.8845,2,2.0,0.2,93.52074041755262,TESS_replaces_wrong_LCDB,93.52074041755262,,0.267751229073901,(79613) 1998 RJ56,3.2702262589568543,548.0,0.1097571855105417,False,1.0,0.9448259761357048,1.0155567900572011,0.969292092576779,0.945085129659808,True,False,False,False,"(3.0, 6.0]",46.76037020877631,False,2.535502458147802
48158,2001 GM9,1.78,-,,0.057,57.05799791188641,TESS_replaces_wrong_LCDB,57.05799791188641,,15.027527503338876,(48158) 2001 GM9,3.5372641023881273,434.0,0.2993265149361848,False,1.0,0.9138309567231088,1.015482511532214,0.9975840864346084,0.9428207338490155,True,False,False,False,"(3.0, 6.0]",28.528998955943205,False,32.055055006677755
66832,1999 UE45,6.5,2,2.0,0.1,192.24236542899263,TESS_replaces_wrong_LCDB,192.24236542899263,,13.787874263768664,(66832) 1999 UE45,3.6034928535953616,584.0,0.0839565358923936,False,1.0,0.8362097441070309,1.0138072303996482,1.0073268515015827,0.936981111782063,True,False,False,False,"(3.0, 6.0]",192.24236542899263,False,29.57574852753733
33381,1999 CD33,26.0057,2,2.0,0.2,212.62118868893333,TESS_replaces_wrong_LCDB,212.62118868893333,,3.0879728038263403,(33381) 1999 CD33,3.889646655279635,175.0,0.0034813427300275,False,2.0,0.825278505752269,0.9729061056738932,0.9532906113144392,0.9150522531693476,True,False,False,False,"(3.0, 6.0]",106.31059434446668,False,8.17594560765268
91199,Johngray,39.7637,2,2.0,0.07,3.635782221385554,TESS_replaces_wrong_LCDB,3.635782221385554,,0.8171305878786153,(91199) Johngray,5.137230561902176,1560.0,0.9095691320252476,True,36.0,0.967642075392722,0.9974697926549804,0.997299598710895,0.981112297310426,True,False,False,False,"(3.0, 6.0]",1.817891110692777,True,0.0914347060606924
61358,2000 PK12,2.57,2-,2.0,0.19,93.3803894509668,TESS_replaces_wrong_LCDB,93.3803894509668,,17.167390943767863,(61358) 2000 PK12,4.389671852599324,786.0,0.1016946588143131,False,3.0,0.9062403691841632,1.0059357588379323,1.0028170868415367,0.9476637888385644,True,False,False,False,"(3.0, 6.0]",46.690194725483394,False,36.334781887535726
70970,1999 XH20,9.854,1,1.0,0.1,240.0,TESS_replaces_wrong_LCDB,240.0,,11.17779581895677,(70970) 1999 XH20,4.31937795923643,2411.0,0.0165738211857293,False,2.0,0.9828865571484228,1.0050192834010805,0.9970298563044292,0.9829943964264632,True,False,False,False,"(3.0, 6.0]",240.0,False,24.35559163791354
8210,NANTEN,43.3718,2,2.0,0.2,3.62800901959222,TESS_replaces_wrong_LCDB,3.62800901959222,,0.8327019390667567,(8210) NANTEN,4.110403435428755,2626.0,0.9130453217477772,True,51.0,0.9809912769388068,0.9941913036864908,0.9939084801199498,0.9903984177150011,True,False,False,False,"(3.0, 6.0]",1.81400450979611,True,0.08364903046662163
97038,1999 UX14,5.31,2,2.0,0.19,120.84519416605592,TESS_replaces_wrong_LCDB,120.84519416605592,,10.379020166295286,(97038) 1999 UX14,4.138725715950008,769.0,0.0231808557654586,False,3.0,0.9282535021352044,0.9842056156587616,0.9906722872514314,0.9506263050295504,True,False,False,False,"(3.0, 6.0]",60.422597083027966,False,22.75804033259057
7218,Skacel,7.56,2,2.0,0.2,111.7884399721784,TESS_replaces_wrong_LCDB,111.7884399721784,,6.393415342075291,(7218) Skacel,5.847115884064036,137.0,0.0563985808465436,False,1.0,0.703529301445319,1.0062810885748827,1.0065582548936671,0.8768764290843477,True,False,False,False,"(3.0, 6.0]",55.8942199860892,False,14.786830684150582
182481,2001 SG136,1.02,-,,0.057,73.74273374483417,TESS_replaces_wrong_LCDB,73.74273374483417,,35.14839889452655,(182481) 2001 SG136,3.680056503073233,271.0,0.6483648223543573,True,2.0,0.9055147622441648,1.0337893627233623,0.983694620217279,0.9250359674699712,True,False,False,False,"(3.0, 6.0]",36.87136687241709,False,72.2967977890531
75716,2000 AS120,24.0226,2,2.0,0.2,86.77889402954447,TESS_replaces_wrong_LCDB,86.77889402954447,,0.8061927940677627,(75716) 2000 AS120,3.3011207791990067,406.0,0.0079552473991021,False,3.0,0.921846718891498,0.9925281209502436,0.9839180680125048,0.953861988730392,True,False,False,False,"(3.0, 6.0]",43.38944701477224,False,3.6123855881355253
4853,Marielukac,7.946,3-,3.0,0.2,158.38285208086774,TESS_replaces_wrong_LCDB,158.38285208086774,,8.966200105768168,(4853) Marielukac,5.914876463029613,3681.0,0.0098236410956485,False,2.0,0.9670019535894668,0.9948901393713228,0.9907413308563056,0.97805786152874,True,False,False,False,"(3.0, 6.0]",158.38285208086774,False,19.932400211536336
50970,2000 GT87,2.9333,3-,3.0,0.3,39.822474521189655,TESS_replaces_wrong_LCDB,39.822474521189655,,5.787998929736075,(50970) 2000 GT87,3.729476062270663,574.0,0.1693824992743369,False,3.0,0.9304330261937002,1.025618192693751,1.0202231105686497,0.9482033459844624,True,False,False,False,"(3.0, 6.0]",19.911237260594827,False,13.57599785947215
5258,1989 AU1,19.85,2+,2.0,0.06,119.0252787187352,TESS_replaces_wrong_LCDB,119.0252787187352,,1.9981178518573093,(5258) Rhoeo,11.444433018690049,2098.0,0.2258880359155628,False,1.0,0.9106715681137284,0.982120161341199,0.9726780003988874,0.9400388289831236,True,False,False,False,"(6.0, 15.0]",59.5126393593676,False,5.996235703714619
31599,Chloesherry,17.9163,2,2.0,0.2,2.321066289331701,TESS_replaces_wrong_LCDB,2.321066289331701,,0.7408989256340092,(31599) Chloesherry,10.55225172825221,2101.0,0.8687052194900607,True,96.0,0.9443796183691946,0.9944700200529294,0.9895690081826874,0.9741244516818616,True,False,False,False,"(6.0, 15.0]",1.1605331446658504,True,0.12955053718299542
25087,Kaztaniguchi,2.02,-,,0.1,126.33231675459488,TESS_replaces_wrong_LCDB,126.33231675459488,,30.270375434305663,(25087) Kaztaniguchi,6.363225674958149,436.0,0.7496442337198451,True,1.0,0.8479918166893143,1.0331544666911636,0.9676403969989124,0.9441691831850296,True,False,False,False,"(6.0, 15.0]",63.16615837729744,False,62.540750868611326
11903,1991 RD7,30.9627,2,2.0,0.2,2.693000846426611,TESS_replaces_wrong_LCDB,2.693000846426611,,0.8260487072234262,(11903) 1991 RD7,6.197215893089214,984.0,0.961211379019511,True,4.0,0.9160938990073106,0.9767398220573156,0.9820765536482472,0.953936131599904,True,False,False,False,"(6.0, 15.0]",1.3465004232133055,True,0.0869756463882869
42756,1998 SA63,1.5,-,,0.057,8.43702742344167,TESS_replaces_wrong_LCDB,8.43702742344167,,1.8123424744805567,(42756) 1998 SA63,14.225416777578022,805.0,0.9908362939841812,True,4.0,0.861821151718457,1.0046675337360649,0.9918104109140587,0.9465083795178032,True,False,False,False,"(6.0, 15.0]",4.218513711720835,True,5.6246849489611135
73696,1991 RQ19,2.492,1,1.0,0.2,32.35672735615588,TESS_replaces_wrong_LCDB,32.35672735615588,,5.492120256050538,(73696) 1991 RQ19,7.829626616094778,475.0,0.7507859436444569,True,2.0,0.7870178197967013,1.0063507256350068,0.9746570168905452,0.8521491986512257,True,False,False,False,"(6.0, 15.0]",16.17836367807794,False,12.984240512101076
34565,2000 SY292,16.555,2,2.0,0.19,161.07824188892283,TESS_replaces_wrong_LCDB,161.07824188892283,,3.8649423705503727,(34565) 2000 SY292,14.229314460420872,495.0,0.3377655562582938,False,3.0,0.6525558472050036,0.9939391833286184,0.9947395053916618,0.8011109264279579,True,False,False,False,"(6.0, 15.0]",161.07824188892283,False,9.729884741100745
66221,1999 CH73,2.83415,2,2.0,0.2,75.27156583075976,TESS_replaces_wrong_LCDB,75.27156583075976,,12.279389910689227,(66221) 1999 CH73,11.650930247210876,1674.0,0.1698672528981761,False,4.0,0.8956095236488375,0.9848782098346708,0.9835778399066688,0.912316503108008,True,False,False,False,"(6.0, 15.0]",37.63578291537988,False,26.558779821378454
4706,Dennisreuter,2.578,1,1.0,0.2,3.691161308586736,TESS_replaces_wrong_LCDB,3.691161308586736,,0.2841037027566454,(4706) Dennisreuter,6.239757756433809,1900.0,0.9476172123335468,True,71.0,0.9634493810365004,0.9974482775200588,0.998492688187108,0.9760148589429266,True,False,False,False,"(6.0, 15.0]",1.845580654293368,False,1.4317925944867091
111618,2002 AR114,1.9,-,,0.057,156.58483880879993,TESS_replaces_wrong_LCDB,156.58483880879993,,40.20653652863156,(111618) 2002 AR114,8.650184396755858,377.0,0.1088987876589476,False,1.0,0.6908453769321388,0.9770298924630072,0.9902002382622698,0.8326713430792392,True,False,False,False,"(6.0, 15.0]",78.29241940439996,False,82.41307305726312
5973,Takimoto,11.54,2+,2.0,0.2,221.41868844002573,TESS_replaces_wrong_LCDB,221.41868844002573,,8.593530694975119,(5973) Takimoto,10.408903116926668,1793.0,0.0240895027243551,False,1.0,0.9067331442247542,0.9992329906361896,0.9830735619593524,0.9512027304120864,True,False,False,False,"(6.0, 15.0]",221.41868844002573,False,19.187061389950237
49978,1999 YT5,43.7262,2,2.0,0.22,65.94785395212551,TESS_replaces_wrong_LCDB,65.94785395212551,,0.24590001015266,(49978) 1999 YT5,11.590220452912844,1386.0,0.5876229752593548,True,6.0,0.900828668618184,0.981779345518176,0.9848527792995564,0.9287801024170104,True,False,False,False,"(6.0, 15.0]",32.97392697606276,True,1.50819997969468
72199,2000 YM132,2.96139,2,2.0,0.057,175.56304767393237,TESS_replaces_wrong_LCDB,175.56304767393237,,28.64200049198727,(72199) 2000 YM132,6.102074760558133,285.0,0.0732323603545009,False,1.0,0.8008872481003034,0.9678239469203374,0.9749917825332264,0.882725415361608,True,False,False,False,"(6.0, 15.0]",175.56304767393237,False,59.28400098397454
27771,1991 VY2,1.15,-,,0.2,20.62231985392229,TESS_replaces_wrong_LCDB,20.62231985392229,,7.966226023444474,(27771) 1991 VY2,12.541363612716898,982.0,0.4050914251402657,False,6.0,0.8425717130661126,1.0064117660960497,1.0069339053437871,0.8978471355013261,True,False,False,False,"(6.0, 15.0]",20.62231985392229,True,17.932452046888947
64122,2001 TL18,3.24,2,2.0,0.057,158.0302519352633,TESS_replaces_wrong_LCDB,158.0302519352633,,23.387384557911,(64122) 2001 TL18,6.557866684116795,938.0,0.047036303874338,False,1.0,0.8677301237245688,0.9853703763539704,0.9882271738741684,0.8814239857969463,True,False,False,False,"(6.0, 15.0]",158.0302519352633,False,48.774769115822004
2289,McMillan,4.48,1+,1.0,0.03,154.05931190212866,TESS_replaces_wrong_LCDB,154.05931190212866,,16.194119631934,(2289) McMillan,7.950488266780654,724.0,0.0086673442314003,False,3.0,0.8951916136875121,1.0074811861880546,1.001825773320231,0.939926721364619,True,False,False,False,"(6.0, 15.0]",154.05931190212866,False,34.388239263868
74351,1998 VT54,0.98,-,,0.25,10.434461120636284,TESS_replaces_wrong_LCDB,10.434461120636284,,4.323704653385859,(74351) 1998 VT54,13.786795741105076,2638.0,0.7878307471736076,True,31.0,0.9373057759156288,1.0032936490071618,0.9985789617505936,0.9553730426313016,True,False,False,False,"(6.0, 15.0]",5.217230560318142,True,10.647409306771719
63026,2000 WF54,35.8222,2,2.0,0.21,167.804820163258,TESS_replaces_wrong_LCDB,167.804820163258,,1.3421903200146557,(63026) 2000 WF54,7.104958925255119,2188.0,0.0381518785718365,False,3.0,0.9546613401823096,0.9964268024502692,0.982092803899465,0.9574413909840848,True,False,False,False,"(6.0, 15.0]",167.804820163258,True,4.684380640029311
11167,Kunzak,8.0,1,1.0,0.3,173.96868440822163,TESS_replaces_wrong_LCDB,173.96868440822163,,9.873042775513852,(11167) Kunzak,11.454643536924172,595.0,0.3040826724830334,False,1.0,0.7944402951755699,0.96825648779295,0.9533238209940976,0.9035707033331228,True,False,False,False,"(6.0, 15.0]",173.96868440822163,True,21.746085551027704
26239,1998 QP33,1.45,-,,0.1,18.64313717002301,TESS_replaces_wrong_LCDB,18.64313717002301,,5.428667989663107,(26239) 1998 QP33,14.765437034510784,2928.0,0.3093915525640035,False,23.0,0.9408065781721068,0.99978647588225,0.997005999838876,0.9645489141831094,True,False,False,False,"(6.0, 15.0]",9.321568585011503,True,12.857335979326214
35310,1997 AX1,1.15,-,,0.05,130.98449744141894,TESS_replaces_wrong_LCDB,130.98449744141894,,55.94978149626911,(35310) 1997 AX1,7.392908119889743,533.0,0.5554170541724576,True,1.0,0.8460995209630203,1.013268941281242,0.9766229104393992,0.8859601712075171,True,False,False,False,"(6.0, 15.0]",65.49224872070947,False,113.89956299253822
69035,2002 XR30,599.664,2,2.0,0.057,4.197478085811143,TESS_replaces_wrong_LCDB,4.197478085811143,,0.9860005666979804,(69035) 2002 XR30,6.904897889931985,1374.0,0.9719150562949777,True,25.0,0.943247027454014,0.963995970596849,0.9601689731952114,0.9576299345642968,True,False,False,False,"(6.0, 15.0]",2.0987390429055717,True,0.006999716651009805
69716,1998 HG105,5.4,-,,0.2,44.28133580764317,TESS_replaces_wrong_LCDB,44.28133580764317,,3.1001236858928856,(69716) 1998 HG105,14.001597014104217,1079.0,0.8853782616793556,True,5.0,0.8371389972182858,1.0066336074866646,1.0020162896104043,0.9542314938491776,True,False,False,False,"(6.0, 15.0]",22.140667903821583,True,8.200247371785771
41919,2000 WW156,10.964,2,2.0,0.057,226.75850879153265,TESS_replaces_wrong_LCDB,226.75850879153265,,9.34104837611878,(41919) 2000 WW156,9.112364697033517,380.0,0.0494316301427792,False,2.0,0.75135446058333,1.0180867173328538,1.011382275215756,0.8976121611277336,True,False,False,False,"(6.0, 15.0]",226.75850879153265,False,20.682096752237562
8497,1990 RE7,4.4,3-,3.0,0.13,3.226018529856165,TESS_replaces_wrong_LCDB,3.226018529856165,,0.2668139704872353,(8497) 1990 RE7,13.388462972362747,2224.0,0.4312587149902114,False,81.0,0.920529661468482,1.0059162939798991,1.0053465323970068,0.9500761117175944,True,False,False,False,"(6.0, 15.0]",1.6130092649280825,True,0.7331860295127647
14729,2000 DK16,27.993,2,2.0,0.057,157.209430234483,TESS_replaces_wrong_LCDB,157.209430234483,,1.808013257501572,(14729) 2000 DK16,7.039672736345692,1283.0,0.0116214015235173,False,2.0,0.9398491661321886,1.0031947914485146,0.996395168660933,0.9453074798360848,True,False,False,False,"(6.0, 15.0]",78.6047151172415,False,5.616026515003144
123714,2000 YH124,1.15,-,,0.05,27.24156101657231,TESS_replaces_wrong_LCDB,27.24156101657231,,10.844156963727093,(123714) 2000 YH124,9.420456863819586,489.0,0.9688320123621595,True,2.0,0.831403271750992,0.9903059062951262,0.9946804340586046,0.8993859782238419,True,False,False,False,"(6.0, 15.0]",13.620780508286154,False,23.688313927454182
7636,Comba,194.277,2,2.0,0.1,22.00157257583846,TESS_replaces_wrong_LCDB,22.00157257583846,,0.773503064430288,(7636) Comba,6.091422548946476,4798.0,0.3613048556692553,False,27.0,0.9880461425728516,0.9952474056641694,0.9933911881470572,0.9893578982373664,True,False,False,False,"(6.0, 15.0]",11.00078628791923,False,0.11324846778485595
16384,1981 ES31,43.768,2,2.0,0.057,240.0,TESS_replaces_wrong_LCDB,240.0,,1.7417291171632243,(16384) 1981 ES31,12.00992345439524,1032.0,0.2266264315647299,False,1.0,0.8549919180010701,0.9965232892002128,0.985205376272669,0.9462478847534253,True,False,False,False,"(6.0, 15.0]",240.0,True,5.483458234326449
56811,2000 PG19,18.1439,2,2.0,0.13,2.6784722938668564,TESS_replaces_wrong_LCDB,2.6784722938668564,,0.7047523086142609,(56811) 2000 PG19,8.540959866420968,2488.0,0.8391022969396802,True,80.0,0.9613677116735138,0.9994297668386766,0.9912714362224035,0.9710167209286256,True,False,False,False,"(6.0, 15.0]",1.3392361469334282,True,0.1476238456928696
12659,Schlegel,9.7,1,1.0,0.179,6.515315725565804,TESS_replaces_wrong_LCDB,6.515315725565804,,0.328317966436515,(12659) Schlegel,10.43528317994893,902.0,0.9225939923867826,True,7.0,0.8637137713936129,0.992687067422544,0.9733554441103296,0.9543321061094008,True,False,False,False,"(6.0, 15.0]",3.257657862782902,True,0.671682033563485
158219,2001 SZ136,5.35,-,,0.2,91.97530699542304,TESS_replaces_wrong_LCDB,91.97530699542304,,7.595823083684397,(158219) 2001 SZ136,13.902019394855202,913.0,0.6052968092780189,True,2.0,0.8326910634645694,1.014630698893115,1.0028789980062662,0.9101207921555264,True,False,False,False,"(6.0, 15.0]",45.98765349771152,True,17.191646167368795
42512,1993 FW81,14.9996,2,2.0,0.1,18.784581794260887,TESS_replaces_wrong_LCDB,18.784581794260887,,0.2523388486533566,(42512) 1993 FW81,14.083322935337009,2963.0,0.1639711703315522,False,22.0,0.9442735349141396,0.9979538498283834,0.9956899011173188,0.9755508118740188,True,False,False,False,"(6.0, 15.0]",9.392290897130444,True,1.2523388486533567
42987,1999 TB242,359.032,2,2.0,0.19,22.70678452229101,TESS_replaces_wrong_LCDB,22.70678452229101,,0.8735110824534247,(42987) 1999 TB242,15.004113933905812,6121.0,0.052997116911259,False,28.0,0.9653083558345162,0.9902572568878378,0.9901993971158012,0.9888884127175568,True,False,False,False,"(15.0, 40.0]",11.353392261145505,True,0.06324445877328765
41546,2000 RZ45,8.403,2-,2.0,0.21,10.193145763859986,TESS_replaces_wrong_LCDB,10.193145763859986,,0.2130365064691164,(41546) 2000 RZ45,34.44833244664351,3112.0,0.7009671685393911,True,31.0,0.8625452450313996,0.9971613184481048,0.9976660208166668,0.9826404282887892,True,False,False,False,"(15.0, 40.0]",5.096572881929993,True,1.2130365064691164
58299,1994 PH3,46.6404,2,2.0,0.13,11.95096901284064,TESS_replaces_wrong_LCDB,11.95096901284064,,0.4875271647395546,(58299) 1994 PH3,24.516170753188703,1846.0,0.7814686917957687,True,19.0,0.8386434009097062,0.9773312995889372,0.9669567167537853,0.9382275682300656,True,False,False,False,"(15.0, 40.0]",5.975484506420321,True,0.2562364176302227
2902,Westerlund,30.0,1,1.0,0.3,210.3358901721867,TESS_replaces_wrong_LCDB,210.3358901721867,,2.5055981695364453,(2902) Westerlund,32.54526440356939,1478.0,0.1600164353351424,False,2.0,0.7763521649425045,0.9820329965709332,0.9466228947243104,0.9143680076521368,True,False,False,False,"(15.0, 40.0]",105.16794508609335,True,7.011196339072891
44719,1999 TP9,43.888,2,2.0,0.179,240.0,TESS_replaces_wrong_LCDB,240.0,,1.7342325920524972,(44719) 1999 TP9,21.756218859881766,1668.0,0.0737422122860525,False,2.0,0.8262699471834202,1.005070302101916,0.9916978187090132,0.918774500329584,True,False,False,False,"(15.0, 40.0]",240.0,True,5.4684651841049945
6694,1986 PF,7.01,2-,2.0,0.1,9.292853404370618,TESS_replaces_wrong_LCDB,9.292853404370618,,0.3256566910657088,(6694) 1986 PF,29.81230314339456,4487.0,0.8657070360975497,True,44.0,0.912302625187402,1.001676814800904,0.992127504336517,0.984543168639381,True,False,False,False,"(15.0, 40.0]",4.646426702185309,True,1.3256566910657088
2766,Leeuwenhoek,17.2907,2,2.0,0.27,82.8230291803526,TESS_replaces_wrong_LCDB,82.8230291803526,,1.3950166615681434,(2766) Leeuwenhoek,19.603609149534,2867.0,0.0618416172137451,False,5.0,0.9041390393894698,0.99945421520961,0.997573430564406,0.9235473243754446,True,False,False,False,"(15.0, 40.0]",41.4115145901763,True,4.790033323136287
3093,Bergholz,25.2454,2,2.0,0.19,240.0,TESS_replaces_wrong_LCDB,240.0,,3.753341202753769,(3093) Bergholz,37.55735095037958,1872.0,0.0782654260841886,False,1.0,0.7491597268541185,0.9963735065421014,0.973959940738966,0.8394526581366947,True,False,False,False,"(15.0, 40.0]",240.0,False,9.506682405507538
13694,1997 WW7,30.64,2,2.0,0.057,80.9614308725615,TESS_replaces_wrong_LCDB,80.9614308725615,,0.3211721748133402,(13694) 1997 WW7,31.050303021403938,1463.0,0.3373760838608933,False,2.0,0.7703060115117122,0.965876450844212,0.9134312458719174,0.7931776567498802,True,False,False,False,"(15.0, 40.0]",40.48071543628075,True,2.6423443496266805
25510,Donvincent,14.747,2,2.0,0.35,21.31438062673434,TESS_replaces_wrong_LCDB,21.31438062673434,,0.2773316394271939,(25510) Donvincent,26.147852324711295,955.0,0.9581982757486583,True,8.0,0.7064455790712264,1.0045465887011265,0.9765734027887956,0.8895233783739609,True,False,False,False,"(15.0, 40.0]",10.65719031336717,True,1.445336721145612
10502,Armaghobs,24.978,2,2.0,0.2,209.46240004601,TESS_replaces_wrong_LCDB,209.46240004601,,3.192937786172031,(10502) Armaghobs,19.10669339721454,1477.0,0.0231726514822779,False,1.0,0.8111933172007132,0.989639763278208,0.966133790301283,0.9007716850501368,True,False,False,False,"(15.0, 40.0]",209.46240004601,True,8.385875572344062
87501,2000 QD169,5.223,2,2.0,0.1,185.9102460127276,TESS_replaces_wrong_LCDB,185.9102460127276,,16.79726651471641,(87501) 2000 QD169,23.145405715132497,574.0,0.0349997403548326,False,1.0,0.5294718500969589,0.9932880126390612,0.9821274261112576,0.5753894877736374,True,False,False,False,"(15.0, 40.0]",185.9102460127276,False,35.59453302943282
848,Inna,45.479,2,2.0,0.07,159.6030263767263,TESS_replaces_wrong_LCDB,159.6030263767263,,0.754689267318172,(848) Inna,38.441928599624056,3720.0,0.0464087515133067,False,1.0,0.8491599208993634,0.9911339319991508,0.957732039484794,0.8634179724082568,True,False,False,False,"(15.0, 40.0]",159.6030263767263,True,3.509378534636344
15440,1998 WX4,21.43,2+,2.0,0.0585,124.9571983013218,TESS_replaces_wrong_LCDB,124.9571983013218,,1.9154735954578117,(15440) Eioneus,29.480259911914175,1530.0,0.0745994836666508,False,1.0,0.7359442327777675,0.9827103508262662,0.9533821767943396,0.7966025138737665,True,False,False,False,"(15.0, 40.0]",62.4785991506609,False,5.830947190915623
295285,2008 GD95,155.814,2,2.0,0.05,7.998637953670523,TESS_replaces_wrong_LCDB,7.998637953670523,,0.8973309464660362,(295285) 2008 GD95,17.176603971883278,639.0,0.9046812423854598,True,3.0,0.7359498743342037,0.9792063123628388,0.9701487300549752,0.929876013033295,True,False,False,False,"(15.0, 40.0]",3.9993189768352617,True,0.05133452676698194
30305,Severi,32.643,2,2.0,0.15,239.3180869759393,TESS_replaces_wrong_LCDB,239.3180869759393,,2.6656876968406595,(30305) Severi,27.644856086353503,1002.0,0.0856779288134582,False,1.0,0.7274354254702613,1.0105211882487548,0.9756283723847856,0.8404923615616565,True,False,False,False,"(15.0, 40.0]",119.65904348796964,True,7.331375393681319
8918,1996 OR1,21.5401,2,2.0,0.3,183.4861263320328,TESS_replaces_wrong_LCDB,183.4861263320328,,3.259175359725183,(8918) 1996 OR1,34.566498213769876,2556.0,0.0886948103714655,False,1.0,0.8380338569440192,1.0028307228324358,0.984822673715792,0.8598744797506644,True,False,False,False,"(15.0, 40.0]",183.4861263320328,True,8.518350719450366
13342,1998 SF127,51.2413,2,2.0,0.057,4.686825008380551,TESS_replaces_wrong_LCDB,4.686825008380551,,0.8170684581234062,(13342) 1998 SF127,25.748739108674616,6829.0,0.5640468599464027,True,171.0,0.9494969366305384,0.9971176187978958,0.9915224830388664,0.9907212091321153,True,False,False,False,"(15.0, 40.0]",2.3434125041902756,True,0.09146577093829686
41508,2000 QY160,0.72,-,,0.13,4.552254108866402,TESS_replaces_wrong_LCDB,4.552254108866402,,2.161287575601668,(41508) 2000 QY160,28.758225942392443,646.0,0.99420427989464,True,5.0,0.6622884361646655,1.0195916816476305,0.9962185031014474,0.90519366559105,True,False,False,False,"(15.0, 40.0]",2.276127054433201,True,6.322575151203336
31650,Frydek-Mistek,2.88,1,1.0,0.057,29.87539108570771,TESS_replaces_wrong_LCDB,29.87539108570771,,4.1866998412687,(31650) Frydek-Mistek,26.81695358200732,1232.0,0.958331453615952,True,8.0,0.7737143281257084,1.018285219602608,0.9976278377891844,0.8882591942571397,True,False,False,False,"(15.0, 40.0]",14.937695542853856,True,10.3733996825374
22056,2000 AU31,57.1,2+,2.0,0.057,176.02784467989028,TESS_replaces_wrong_LCDB,176.02784467989028,,0.5413996907170777,(22056) 2000 AU31,17.395486324661835,707.0,0.129388330432719,False,1.0,0.74038670268187,0.9629337062386412,0.8723734126433672,0.8657430546396595,True,False,False,False,"(15.0, 40.0]",176.02784467989028,True,3.0827993814341554
71230,1999 YR17,756.897,2,2.0,0.24,8.027089359072955,TESS_replaces_wrong_LCDB,8.027089359072955,,0.9787894803148304,(71230) 1999 YR17,29.500439701590544,2640.0,0.8567240116313247,True,44.0,0.8613569856898056,0.9773337567207676,0.9651481349090806,0.9594722635569176,True,False,False,False,"(15.0, 40.0]",4.013544679536477,True,0.010605259842584862
4719,Burnaby,13.01,2,2.0,0.1,10.455449316097033,TESS_replaces_wrong_LCDB,10.455449316097033,,0.1963528581016884,(4719) Burnaby,20.615729944067017,1804.0,0.4529953191204562,True,25.0,0.8600357623539386,0.9989782256579636,0.9531520592469028,0.9405902570791308,True,False,False,False,"(15.0, 40.0]",5.2277246580485155,True,0.8036471418983115
7437,Torricelli,13.72,1,1.0,0.2,10.84658103165926,TESS_replaces_wrong_LCDB,10.84658103165926,,0.2094328694125904,(7437) Torricelli,32.67535750919576,802.0,0.9882852819540152,True,9.0,0.6473886938035038,1.0238335907995173,1.0075358186549908,0.9019030291314668,True,False,False,False,"(15.0, 40.0]",5.423290515829629,True,0.7905671305874096
87319,2000 QD9,46.2766,2,2.0,0.2,2.886326640425538,TESS_replaces_wrong_LCDB,2.886326640425538,,0.8752576187349314,(87319) 2000 QD9,15.64744148905587,5887.0,0.4273983961086146,False,171.0,0.9679238173906538,0.9896416450591504,0.9857942269025312,0.9821628204882862,True,False,False,False,"(15.0, 40.0]",1.443163320212769,True,0.062371190632534323
4204,Barsig,2.2663,3,3.0,0.3,2.6608418149465516,TESS_replaces_wrong_LCDB,2.6608418149465516,,0.1740907271528708,(4204) Barsig,27.81114171008694,4348.0,0.7964592508496364,True,162.0,0.9132327999987216,1.0024879617857387,1.000827419821889,0.9861504137963644,True,False,False,False,"(15.0, 40.0]",1.3304209074732758,True,1.1740907271528709
22058,2000 AA64,17.04,2,2.0,0.057,218.0391474589376,TESS_replaces_wrong_LCDB,218.0391474589376,,5.397862308067419,(22058) 2000 AA64,19.88993566169533,1213.0,0.3373524314660018,False,1.0,0.7896381728007171,0.9992273184273114,0.9952175469976716,0.8863809570527381,True,False,False,False,"(15.0, 40.0]",109.0195737294688,False,12.795724616134837
27115,1998 WG3,1.35,-,,0.057,6.945267700520342,TESS_replaces_wrong_LCDB,6.945267700520342,,1.5723213705630892,(27115) 1998 WG3,18.596191435665247,2943.0,0.8407316579719825,True,47.0,0.9238071973097752,1.0028281197370812,0.995804449554614,0.9762106358934544,True,False,False,False,"(15.0, 40.0]",3.472633850260171,True,5.144642741126178
8130,Seeberg,38.1,3-,3.0,0.057,205.55976170445896,TESS_replaces_wrong_LCDB,205.55976170445896,,1.697634668037519,(8130) Seeberg,32.376950445487694,2450.0,0.2481605562982708,False,1.0,0.8395101461100202,0.997466914643092,0.9969100641678896,0.9402486716937312,True,False,False,False,"(15.0, 40.0]",102.77988085222948,True,5.395269336075038
105152,2000 NV24,16.7992,2,2.0,0.057,60.1150794101828,TESS_replaces_wrong_LCDB,60.1150794101828,,0.7892244693254085,(105152) 2000 NV24,34.3193543731698,2200.0,0.2305109718366012,False,3.0,0.7926707997266199,0.9884604376158912,0.9746141097669828,0.8931971080118376,True,False,False,False,"(15.0, 40.0]",30.0575397050914,True,3.578448938650817
14899,1992 LS,13.2238,2,2.0,0.2,3.4463788184865702,TESS_replaces_wrong_LCDB,3.4463788184865702,,0.4787612004890319,(14899) 1992 LS,17.41880825022132,818.0,0.7428538040726445,True,24.0,0.7765964410060686,0.971535117182957,0.9655140795016898,0.8914516495125951,True,False,False,False,"(15.0, 40.0]",1.7231894092432851,True,0.26061939975548404
31235,1998 CE3,24.7498,2,2.0,0.13,2.79167952802608,TESS_replaces_wrong_LCDB,2.79167952802608,,0.7744079121426372,(31235) 1998 CE3,18.17929559530288,1554.0,0.9587800969431935,True,61.0,0.8587537968153123,0.9639411461373436,0.9703176130024798,0.9623302981907316,True,False,False,False,"(15.0, 40.0]",1.39583976401304,True,0.11279604392868144
16187,2000 AP164,6.0,2-,2.0,0.19,21.95239688830628,TESS_replaces_wrong_LCDB,21.95239688830628,,0.8293664073588565,(16187) 2000 AP164,17.76479502631355,3175.0,0.3541427655976503,False,21.0,0.9305089081515876,0.9940407371669608,0.996358157725735,0.965325358306146,True,False,False,False,"(15.0, 40.0]",10.97619844415314,False,3.658732814717713
1300,Marcelle,12.0,2,2.0,0.0588,208.10842652071585,TESS_replaces_wrong_LCDB,208.10842652071585,,7.671184438363161,(1300) Marcelle,53.74843776593107,5465.0,0.0489682409538113,False,2.0,0.8619728831855253,0.9982000696371128,0.9891486832843744,0.9096021403634412,True,False,False,False,"(40.0, 150.0]",208.10842652071585,False,17.342368876726322
4546,Franck,24.057,2-,2.0,0.35,7.975416630160927,TESS_replaces_wrong_LCDB,7.975416630160927,,0.3369566753825558,(4546) Franck,47.22921804519775,1823.0,0.9718559620110504,True,29.0,0.7271744934895368,0.9327340484714636,0.9341361215901784,0.8882601511536299,True,False,False,False,"(40.0, 150.0]",3.987708315080463,True,0.3315216623087221
12904,1998 RB65,8.89,2,2.0,0.07,145.6806428158858,TESS_replaces_wrong_LCDB,145.6806428158858,,7.193511969397401,(12904) 1998 RB65,45.37356539682257,1226.0,0.234165051343258,False,1.0,0.7014517487734939,1.0016344722777726,0.986374424656968,0.7585226724815906,True,False,False,False,"(40.0, 150.0]",72.8403214079429,True,16.3870239387948
3502,Huangpu,7.363,2-,2.0,0.07,8.696180722536123,TESS_replaces_wrong_LCDB,8.696180722536123,,0.181064881507011,(3502) Huangpu,76.75684599944691,950.0,0.9779835485634226,True,5.0,0.4530127917216135,1.009610575279967,0.99922987371596,0.8346247851697581,True,False,False,False,"(40.0, 150.0]",4.348090361268062,True,1.181064881507011
2976,Lautaro,17.41,2-,2.0,0.05,13.050403928599447,TESS_replaces_wrong_LCDB,13.050403928599447,,0.2504075859506348,(2976) Lautaro,118.58101239086236,3965.0,0.5338734689534052,True,30.0,0.7176327132120885,0.9658018775594388,0.9532390785226188,0.8779474111242028,True,False,False,False,"(40.0, 150.0]",6.525201964299724,True,0.7495924140493652
11077,1992 WB2,8.813,2,2.0,0.27,7.442428607898393,TESS_replaces_wrong_LCDB,7.442428607898393,,0.1555170080678097,(11077) 1992 WB2,69.26641532237647,952.0,0.9628292035037782,True,6.0,0.4711431330033896,1.0135273060205758,0.9934928055774196,0.8515815203081729,True,False,False,False,"(40.0, 150.0]",3.721214303949196,True,0.8444829919321902
19913,Aigyptios,40.43,2+,2.0,0.057,131.95212365944838,TESS_replaces_wrong_LCDB,131.95212365944838,,0.6318590608390846,(19913) Aigyptios,76.6910480788503,1700.0,0.5703913330676125,True,3.0,0.62839840019444,0.96951191440374,0.9339308446259924,0.8211260008591802,True,False,False,False,"(40.0, 150.0]",131.95212365944838,True,3.263718121678169
7941,1991 NE1,0.88,-,,0.057,57.47831523569508,TESS_replaces_wrong_LCDB,57.47831523569508,,31.658133656644928,(7941) 1991 NE1,77.61238690957201,2070.0,0.7924813534789231,True,6.0,0.6426896512259704,0.9992842970348408,0.9971917007969988,0.8349111056226317,True,False,False,False,"(40.0, 150.0]",28.73915761784754,True,65.31626731328986
5441,Andymurray,21.6,2-,2.0,0.13,30.337904013168245,TESS_replaces_wrong_LCDB,30.337904013168245,,0.2977337033988833,(5441) Andymurray,137.9522464929155,1746.0,0.8023132214023934,True,2.0,0.4420614825841171,0.972338211465358,0.9437795415314424,0.7619099384768305,True,False,False,False,"(40.0, 150.0]",15.168952006584124,True,1.4045325932022334
39218,2000 YY3,54.444,2,2.0,0.35,195.50028698084003,TESS_replaces_wrong_LCDB,195.50028698084003,,0.795425455337962,(39218) 2000 YY3,40.82024545376414,985.0,0.2368350186457964,False,1.0,0.621605998775452,1.005206430312805,0.9294620355041352,0.7877914254293766,True,False,False,False,"(40.0, 150.0]",195.50028698084003,True,3.590850910675924
41716,2000 UP76,10.0,2-,2.0,0.2,7.32020025294662,TESS_replaces_wrong_LCDB,7.32020025294662,,0.2679799747053379,(41716) 2000 UP76,40.24320699899974,2387.0,0.906547302433976,True,39.0,0.7990007767227414,1.0017935399599096,0.9992655702408864,0.9692980702500652,True,False,False,False,"(40.0, 150.0]",3.66010012647331,True,0.732020025294662
2312,Duboshin,50.78,2+,2.0,0.05,174.0773405779179,TESS_replaces_wrong_LCDB,174.0773405779179,,0.7140344680771751,(2312) Duboshin,73.61904818462175,4846.0,0.2111270181980503,False,2.0,0.8136163130886154,0.986577157005704,0.9700426167348924,0.9208450813478476,True,False,False,False,"(40.0, 150.0]",174.0773405779179,True,3.42806893615435
14668,1999 CB67,2.89,2,2.0,0.19,101.7151414257866,TESS_replaces_wrong_LCDB,101.7151414257866,,16.597775333181072,(14668) 1999 CB67,95.38885845025612,3291.0,0.0650983445702574,False,5.0,0.6530325775168397,1.0043148558653452,1.0049287221369687,0.8338344667220577,True,False,False,False,"(40.0, 150.0]",50.857570712893306,True,35.195550666362145
29551,1998 CH1,1.0,-,,0.15,39.26592590031858,TESS_replaces_wrong_LCDB,39.26592590031858,,18.63296295015929,(29551) 1998 CH1,40.12169084707166,1514.0,0.7704686729334567,True,8.0,0.7084418495904501,0.9965435330096136,0.9941182350984964,0.9031068549045276,True,False,False,False,"(40.0, 150.0]",19.63296295015929,True,39.26592590031858
7331,Balindblad,16.3,1+,1.0,0.0536,14.724564464313062,TESS_replaces_wrong_LCDB,14.724564464313062,,0.0966524868519594,(7331) Balindblad,73.56082939189206,1637.0,0.6651872712025938,True,11.0,0.6086949057596512,1.000527906197472,0.9937384293538816,0.7844010354511144,True,False,False,False,"(40.0, 150.0]",7.362282232156531,True,0.9033475131480405
18845,Cichocki,85.616,2,2.0,0.19,109.14792202758136,TESS_replaces_wrong_LCDB,109.14792202758136,,0.2748542565359437,(18845) Cichocki,120.4706328477003,3623.0,0.3077463431568566,False,4.0,0.6639181080960253,0.97563887349809,0.911712476894566,0.82741510063229,True,False,False,False,"(40.0, 150.0]",54.57396101379068,True,1.2748542565359438
2364,Seillier,12.284,2+,2.0,0.057,2.9416131030347055,TESS_replaces_wrong_LCDB,2.9416131030347055,,0.521065922657977,(2364) Seillier,48.035854329298175,7443.0,0.8046163035057989,True,285.0,0.909905997590854,0.9997759955226582,0.9995916866815656,0.984490749411905,True,False,False,False,"(40.0, 150.0]",1.4708065515173527,True,0.2394670386710115
4060,Deipylos,9.298,3-,3.0,0.057,11.49351919481329,TESS_replaces_wrong_LCDB,11.49351919481329,,0.2361281130149806,(4060) Deipylos,63.29526958123843,2568.0,0.4575174458877099,True,4.0,0.7520848807713646,0.9924823350943472,0.9883056919788964,0.8907362397599614,True,False,False,False,"(40.0, 150.0]",5.746759597406645,True,1.2361281130149806
30016,2000 CA95,2.5857,3,3.0,0.179,167.46631592331994,TESS_replaces_wrong_LCDB,167.46631592331994,,31.383168179471696,(30016) 2000 CA95,47.22546632743968,1669.0,0.0769005026875216,False,1.0,0.7033615912064917,1.0070602428360038,0.9945864465780616,0.7791431182155679,True,False,False,False,"(40.0, 150.0]",167.46631592331994,False,64.76633635894339
121514,1999 UJ7,46.46,2,2.0,0.2,37.79063337747571,TESS_replaces_wrong_LCDB,37.79063337747571,,0.1865985067267389,(121514) 1999 UJ7,104.0408310370923,2446.0,0.6319301505465249,True,8.0,0.6355893927612729,0.951513892025665,0.7982063371459548,0.7079915235376009,True,False,False,False,"(40.0, 150.0]",18.895316688737857,True,0.8134014932732611
4343,Tetsuya,7.392,3-,3.0,0.0444,8.761557823395073,TESS_replaces_wrong_LCDB,8.761557823395073,,0.1852756795718442,(4343) Tetsuya,51.199007315626126,102.0,0.383442923941695,False,1.0,0.3336879249510229,0.8137896538478544,0.4825494586810488,0.3423563501671157,True,False,False,False,"(40.0, 150.0]",4.380778911697536,True,1.1852756795718442
7174,Semois,7.456,2+,2.0,0.057,34.58180851617967,TESS_replaces_wrong_LCDB,34.58180851617967,,1.3190590474905894,(7174) Semois,63.27405177782581,1918.0,0.7260187169873833,True,3.0,0.6753714732117748,1.0043307748174215,0.9981110602896688,0.8534316299768557,True,False,False,False,"(40.0, 150.0]",17.290904258089835,True,4.638118094981179
4242,Brecher,7.68,2+,2.0,0.07,8.354544348637724,TESS_replaces_wrong_LCDB,8.354544348637724,,0.0878312953955369,(4242) Brecher,113.93580422219374,1532.0,0.7891975347908806,True,22.0,0.5115706464658709,0.9983634002537332,0.996565035807407,0.8915830610595263,True,False,False,False,"(40.0, 150.0]",4.177272174318862,True,1.087831295395537
2146,Stentor,16.4,2,2.0,0.057,64.07739314073899,TESS_replaces_wrong_LCDB,64.07739314073899,,0.9535790591688718,(2146) Stentor,68.04963624884857,1957.0,0.4618079312334851,True,4.0,0.6496301753408626,0.9882604008555204,0.8791055548930522,0.7975671629667679,True,False,False,False,"(40.0, 150.0]",32.038696570369495,True,3.9071581183377435
7086,Bopp,29.15,2+,2.0,0.3,74.34785781596446,TESS_replaces_wrong_LCDB,74.34785781596446,,0.2752634273750336,(7086) Bopp,65.44511238454096,1439.0,0.2357330576218718,False,1.0,0.5832000067724132,0.990899282426871,0.9175729410690464,0.5834974002693871,True,False,False,False,"(40.0, 150.0]",37.17392890798223,True,2.5505268547500672
31115,1997 QF4,48.156,2-,2.0,0.3,11.162830146655786,TESS_replaces_wrong_LCDB,11.162830146655786,,0.5363888135785453,(31115) 1997 QF4,42.82458852126857,2069.0,0.9843871221495072,True,10.0,0.7681636607095114,1.0071009842227954,1.0042959118749302,0.9857582728975952,True,False,False,False,"(40.0, 150.0]",5.581415073327893,True,0.23180559321072736
33003,1997 EJ,50.8304,2,2.0,0.13,5.690069424659351,TESS_replaces_wrong_LCDB,5.690069424659351,,0.7761154968420728,(33003) 1997 EJ,49.90009327752026,3159.0,0.8618524305654098,True,54.0,0.8224064099167899,0.9937908247379248,0.9913722193417608,0.9814251567485028,True,False,False,False,"(40.0, 150.0]",2.8450347123296753,True,0.11194225157896359
19495,Terentyeva,2.33,1,1.0,0.25,161.7123584175095,TESS_replaces_wrong_LCDB,161.7123584175095,,33.70222283637543,(19495) Terentyeva,84.66769635830842,2965.0,0.1757721170497195,False,1.0,0.6995813771094859,0.9597023310956024,0.9266739000702582,0.7298820353777646,True,False,False,False,"(40.0, 150.0]",161.7123584175095,False,69.40444567275085
39180,2000 WA161,287.871,2,2.0,0.25,19.60084776767387,TESS_replaces_wrong_LCDB,19.60084776767387,,0.8638220052198806,(39180) 2000 WA161,78.3449112970071,3928.0,0.7435974163071327,True,17.0,0.7773642968538939,0.9962097335947586,0.9896046092491968,0.96360521693673,True,False,False,False,"(40.0, 150.0]",9.800423883836936,True,0.06808899739005968
48680,1996 BU,114.97,2,2.0,0.2,5.702524265360019,TESS_replaces_wrong_LCDB,5.702524265360019,,0.9007997866337302,(48680) 1996 BU,49.99119615365508,1054.0,0.9916138199607708,True,5.0,0.6037477088173153,0.9829810968364704,0.9736342673989814,0.9729955103504354,True,False,False,False,"(40.0, 150.0]",2.8512621326800094,True,0.049600106683134894
53294,1999 GS16,7.4,2,2.0,0.3059,32.506996334884946,TESS_replaces_wrong_LCDB,32.506996334884946,,1.19641867127601,(53294) 1999 GS16,40.803247224433605,2146.0,0.800688912640526,True,15.0,0.7831019359837932,1.0004665760466047,0.9859608441639338,0.887177661083341,True,False,False,False,"(40.0, 150.0]",16.253498167442473,True,4.39283734255202
1757,Porvoo,4.89,3,3.0,0.2,3.397870899429625,TESS_replaces_wrong_LCDB,3.397870899429625,,0.3051388753722647,(1757) Porvoo,40.31757015334713,1714.0,0.6500102298058564,True,72.0,0.7379318999834331,1.008225894447262,1.0026763010349231,0.9629350321639694,True,False,False,False,"(40.0, 150.0]",1.6989354497148126,True,0.6948611246277353
45705,2000 FD31,11.092,2,2.0,0.1,9.005222648423242,TESS_replaces_wrong_LCDB,9.005222648423242,,0.1881335513502307,(45705) 2000 FD31,114.29638086402667,758.0,0.9244384509146496,True,12.0,0.3240864555845126,0.9931524764277412,0.8778707303743838,0.7299258874510376,True,False,False,False,"(40.0, 150.0]",4.502611324211621,True,0.8118664486497693
581,Tauntonia,16.54,2,2.0,0.0529,24.9655446283298,TESS_replaces_wrong_LCDB,24.9655446283298,,0.2452979253830169,(581) Tauntonia,224.03008885975123,10091.0,0.7299728776992671,True,32.0,0.7562216844021533,0.992085181015718,0.990025315102909,0.9475017831497616,True,False,False,False,"(150.0, inf]",24.9655446283298,True,1.509404149233966
1268,Libya,17.572,3,3.0,0.0449,14.06432327482161,TESS_replaces_wrong_LCDB,14.06432327482161,,0.1996173870463458,(1268) Libya,290.987721536666,1892.0,0.5536484253379496,True,4.0,0.4227246948485325,0.977556657718292,0.8644400495998206,0.7595211994924616,True,False,False,False,"(150.0, inf]",14.06432327482161,True,0.8003826129536542
4535,Adamcarolla,10.211,2,2.0,0.057,10.88657302163964,TESS_replaces_wrong_LCDB,10.88657302163964,,0.0661612987601252,(4535) Adamcarolla,174.99607358080695,1546.0,0.7553520845436459,True,14.0,0.3417400566869941,1.011039700443238,1.0024755160118306,0.8201219890537628,True,False,False,False,"(150.0, inf]",5.44328651081982,True,1.0661612987601252
3244,Petronius,41.13,2,2.0,0.3,150.19380892562978,TESS_replaces_wrong_LCDB,150.19380892562978,,0.8258425592709673,(3244) Petronius,429.3508742412936,1843.0,0.971236016749251,True,1.0,0.3024872061727285,0.9954958981745812,0.971728658141758,0.553240709042682,True,False,False,False,"(150.0, inf]",150.19380892562978,True,3.6516851185419346
9712,Nauplius,19.41,2,2.0,0.057,32.7349050541517,TESS_replaces_wrong_LCDB,32.7349050541517,,0.1567515442001107,(9712) Nauplius,170.1715585184602,1925.0,0.7052375747204621,True,1.0,0.428545338075048,0.9682241144839894,0.9622706738827652,0.6238805238660735,True,False,False,False,"(150.0, inf]",16.36745252707585,True,1.6864969115997785
2252,CERGA,17.1394,2,2.0,0.27,219.7134513377478,TESS_replaces_wrong_LCDB,219.7134513377478,,5.40960160034038,(2252) CERGA,243.0959864059753,5048.0,0.1973233399959071,False,2.0,0.5660089220053366,1.0017626865317542,0.9987697075653132,0.914482504962176,True,False,False,False,"(150.0, inf]",109.8567256688739,True,12.81920320068076
3617,Eicher,10.305,2,2.0,0.1,176.4068365748084,TESS_replaces_wrong_LCDB,176.4068365748084,,7.559283676603998,(3617) Eicher,490.7016931833407,2141.0,0.7410894739431357,True,1.0,0.1953237627639776,1.011806554644938,1.007496964373982,0.3393553413302602,True,False,False,False,"(150.0, inf]",88.2034182874042,True,17.118567353207997
3310,Patsy,9.36,3,3.0,0.13,11.835662284073454,TESS_replaces_wrong_LCDB,11.835662284073454,,0.2644938337685314,(3310) Patsy,297.53380638668216,4353.0,0.5111903550732187,True,32.0,0.5319551577070014,1.0030614462815128,0.997113584117784,0.9529860231979512,True,False,False,False,"(150.0, inf]",5.917831142036727,True,1.2644938337685314
17814,1998 FH113,9.22,3-,3.0,0.13,8.385298088010524,TESS_replaces_wrong_LCDB,8.385298088010524,,0.0905316607363857,(17814) 1998 FH113,1337.4814894711596,4171.0,0.4833865744076123,True,46.0,0.9478801095372174,0.9960051851561212,0.9900368138330122,0.9662296948828252,True,False,False,False,"(150.0, inf]",4.192649044005262,True,0.9094683392636143
75044,1999 UG42,71.9405,2,2.0,0.2,225.67842640219988,TESS_replaces_wrong_LCDB,225.67842640219988,,0.5685074916229376,(75044) 1999 UG42,231.33678540709468,3538.0,0.0856693671616682,False,1.0,0.4778009228893406,0.9873943950730448,0.9298265770800554,0.7396666285922451,True,False,False,False,"(150.0, inf]",112.83921320109994,True,3.137014983245875
1007,Pawlowia,121.0,2,2.0,0.057,199.92781944823537,TESS_replaces_wrong_LCDB,199.92781944823537,,0.1738519857510935,(1007) Pawlowia,243.4461084859058,1451.0,0.0954823544377526,False,1.0,0.239601892720384,0.7014946195090839,0.5582348516760488,0.4242235189228017,True,False,False,False,"(150.0, inf]",199.92781944823537,False,1.652296028497813
1960,Guisan,8.46,3,3.0,0.0496,7.8466950114857585,TESS_replaces_wrong_LCDB,7.8466950114857585,,0.0724946794934092,(1960) Guisan,1208.9991385157518,3595.0,0.5719337682956269,True,40.0,0.1615354091575345,1.0075475556869495,1.0063288702941666,0.9591987938522604,True,False,False,False,"(150.0, inf]",3.9233475057428793,True,0.9275053205065907
2336,Xinjiang,37.2993,2,2.0,0.07,168.38139198784697,TESS_replaces_wrong_LCDB,168.38139198784697,,1.2571655766709693,(2336) Xinjiang,739.874618365762,6337.0,0.7630832082987822,True,3.0,0.3525906636884544,0.9941812541886288,0.9708751243146382,0.9130471404072809,True,False,False,False,"(150.0, inf]",84.19069599392348,True,4.514331153341939
7757,Kameya,5.98,2,2.0,0.22,86.1732020544367,TESS_replaces_wrong_LCDB,86.1732020544367,,6.20511722863183,(7757) Kameya,463.92003551092336,2985.0,0.6087646782745689,True,4.0,0.2748495982327534,1.0105489302829034,1.0081426306556287,0.6209382543615372,True,False,False,False,"(150.0, inf]",43.08660102721835,True,14.41023445726366
1024,Hale,16.0,1+,1.0,0.047,106.11986816546418,TESS_replaces_wrong_LCDB,106.11986816546418,,2.3162458801707557,(1024) Hale,461.40500605161265,1227.0,0.6131110381072925,False,2.0,0.1083851630020316,1.0265678197015915,0.9777342829295744,0.2985007614852979,True,False,False,False,"(150.0, inf]",53.05993408273209,True,6.6324917603415114
1418,Fayeta,63.641,2+,2.0,0.277,218.7366671954643,TESS_replaces_wrong_LCDB,218.7366671954643,,0.7185200357903261,(1418) Fayeta,364.151250503931,2521.0,0.6859065347823599,True,1.0,0.2945614901308654,0.9928437024646024,0.8260853255291025,0.5647599383402121,True,False,False,False,"(150.0, inf]",109.36833359773216,False,3.437040071580652
1661,Granule,24.0,2,2.0,0.3,115.70729559012996,TESS_replaces_wrong_LCDB,115.70729559012996,,1.4105686581277077,(1661) Granule,912.9418264166296,6072.0,0.7995772693581068,True,4.0,0.3014553069318976,0.9995335202179744,0.9885551948508908,0.7963138102698294,True,False,False,False,"(150.0, inf]",57.85364779506499,True,4.821137316255415
5436,Eumelos,38.41,3,3.0,0.057,21.26622024635501,TESS_replaces_wrong_LCDB,21.26622024635501,,0.1073272713540751,(5436) Eumelos,224.90736926223877,1979.0,0.6509608894798948,True,2.0,0.3638026530856624,0.9483320418202306,0.8373480010052473,0.8156621857473326,True,False,False,False,"(150.0, inf]",10.633110123177506,True,0.5536636356770376
17767,1998 EJ6,115.32,2,2.0,0.2,105.9770626660786,TESS_replaces_wrong_LCDB,105.9770626660786,,0.0810174933569319,(17767) 1998 EJ6,225.3249295483056,1799.0,0.5125366897035044,True,1.0,0.330400523391406,0.7859920264807929,0.6477176891441241,0.533141246634938,True,False,False,False,"(150.0, inf]",52.988531333039305,True,0.918982506643068
3304,Pearce,40.323,2,2.0,0.057,121.33686526397202,TESS_replaces_wrong_LCDB,121.33686526397202,,0.504561481833842,(3304) Pearce,238.3217900486268,666.0,0.2569013361190577,False,1.0,0.1662084953738609,0.9596560549940524,0.837397708393612,0.7820349392946457,True,False,False,False,"(150.0, inf]",121.33686526397202,True,3.009122963667684
1651,Behrens,34.34,2,2.0,0.3,94.98975107031126,TESS_replaces_wrong_LCDB,94.98975107031126,,0.3830773306684807,(1651) Behrens,605.4240095919853,1603.0,0.9315664437963942,True,2.0,0.107551516952321,0.9632634488526242,0.8928334747459217,0.1953706402392764,True,False,False,False,"(150.0, inf]",47.49487553515563,True,2.7661546613369614
995,Sternberga,14.612,2+,2.0,0.1462,22.40666311705757,TESS_replaces_wrong_LCDB,22.40666311705757,,0.2332787052745152,(995) Sternberga,348.7464702969086,3414.0,0.3754004751419096,False,12.0,0.7887987215263994,1.0025491755785,0.987686862116482,0.8510513783520569,True,False,False,False,"(150.0, inf]",11.203331558528784,True,1.5334425894509696
7481,San Marcello,1.4,1,1.0,0.19,176.4171633199573,TESS_replaces_wrong_LCDB,176.4171633199573,,62.00612975712761,(7481) San Marcello,201.3251604543708,1783.0,0.271034630381459,False,2.0,0.3267721188359566,1.0121003727451676,1.0089901811742998,0.5726405906558564,True,False,False,False,"(150.0, inf]",88.20858165997865,True,126.01225951425522
4076,Dorffel,3.18,2,2.0,0.15,48.939927698809015,TESS_replaces_wrong_LCDB,48.939927698809015,,6.694957185347329,(4076) Dorffel,230.3286934326188,2809.0,0.704453033897585,True,4.0,0.446959375476828,1.007531604562356,1.006997400747969,0.7273047254206921,True,False,False,False,"(150.0, inf]",24.469963849404508,True,15.389914370694658
12269,1990 QR,76.0,1+,1.0,0.19,207.86194135894235,TESS_replaces_wrong_LCDB,207.86194135894235,,0.3675127720983049,(12269) 1990 QR,158.77530003214957,2984.0,0.1106782209498994,False,2.0,0.5441913778883517,0.813527606153011,0.6886626829721656,0.6178050342763305,True,False,False,False,"(150.0, inf]",103.9309706794712,False,2.73502554419661
5010,Amenemhet,3.39,3-,3.0,0.057,2.9662363585935174,TESS_replaces_wrong_LCDB,2.9662363585935174,,0.1250040240137117,(5010) Amenemhet,167.3292627273415,2357.0,0.4500435944790925,True,92.0,0.4739052579170759,1.0082846683525826,1.0041388095818484,0.9549360055205568,True,False,False,False,"(150.0, inf]",1.4831181792967587,True,0.8749959759862883
12903,1998 RK57,4.37,-,,0.179,151.8269916138757,TESS_replaces_wrong_LCDB,151.8269916138757,,16.371509337972046,(12903) Isabellekatz,230.2485001611688,2351.0,0.3750033157128553,False,2.0,0.3739413205473873,1.010235755132905,1.0053451239593856,0.6827943705087568,True,False,False,False,"(150.0, inf]",75.91349580693785,True,34.74301867594409
18744,1999 AU,21.9,1,1.0,0.2,135.99232805936987,TESS_replaces_wrong_LCDB,135.99232805936987,,2.104847672588354,(18744) 1999 AU,617.0773516998939,2673.0,0.3653151260284059,False,3.0,0.1949451176034693,1.0105636421066344,1.003419923087829,0.7071573930429459,True,False,False,False,"(150.0, inf]",67.99616402968493,True,6.209695345176707
21504,Caseyfreeman,44.568,2,2.0,0.1,201.27361913269976,TESS_replaces_wrong_LCDB,201.27361913269976,,1.2580508339245622,(21504) Caseyfreeman,165.33814332088,2342.0,0.5521827568710019,True,1.0,0.4564336814545953,0.9943385804988052,0.960864172947419,0.7203524121822125,True,False,False,False,"(150.0, inf]",201.27361913269976,True,4.516101667849124
726,Joella,13.04,3,3.0,0.0539,28.669248136564196,TESS_replaces_wrong_LCDB,28.669248136564196,,0.0992809868314492,(726) Joella,485.5710991299299,1289.0,0.6537777611613453,True,7.0,0.1078645711269759,0.9933078336227886,0.9835034622756766,0.227176328618038,True,False,False,False,"(150.0, inf]",14.334624068282098,True,2.1985619736628985
7718,Desnoux,19.0,1,1.0,0.13,227.1112500230241,TESS_replaces_wrong_LCDB,227.1112500230241,,4.9766118427111605,(7718) Desnoux,415.81834986010375,3917.0,0.7878408580642943,True,2.0,0.3907207520916508,1.0033835220681029,0.9890143229793787,0.5173370929723357,True,False,False,False,"(150.0, inf]",227.1112500230241,True,11.953223685422321
13159,1995 UW3,14.541,2-,2.0,0.179,20.881927942188348,TESS_replaces_wrong_LCDB,20.881927942188348,,0.281963828409726,(13159) 1995 UW3,313.077846027013,3674.0,0.7874592960424592,True,11.0,0.463948895896862,0.9980851690263856,0.9844915569395848,0.9263038593370352,True,False,False,False,"(150.0, inf]",10.440963971094174,True,1.436072343180548
2069,Hubble,32.52,2,2.0,0.0407,45.02454605160128,TESS_replaces_wrong_LCDB,45.02454605160128,,0.307740681863449,(2069) Hubble,268.3472761314209,4132.0,0.3571453443304118,False,13.0,0.5214603013964879,0.9812710329256692,0.9527414579634838,0.8685544527614835,True,False,False,False,"(150.0, inf]",45.02454605160128,True,1.384518636273102
